participant_number,test_date,child_id,response_id,response_uuid,age_range,rounded_age,age,gender,lan_spoken,by_plant,by_lamp,trial_1,trial_1_correct_answer,trial_1_response,trial_1_score,trial_2,trial_2_correct_answer,trial_2_response,trial_2_score,trial_3,trial_3_correct_answer,trial_3_response,trial_3_score,trial_4,trial_4_correct_answer,trial_4_response,trial_4_score,control_trial,control_trial_correct_answer,control_trial_response,control_trial_score,total_score,notes,exclude,exclude_reason,notes,include,race(will fill out later)
1,6/29/2023,Grannys_Gratitude_Stickers_20230629_4_Lookit_SZ,141943,5763bd5f-c675-4640-becc-c9b35f1636d6,1095-1460,1110,3.04,male,en,benji,harry,andy_correct_left_emily,andy,the basketball,0,olivia_correct_right_mason,olivia,ice cream,1,leo_correct_left_sara,leo,toy bear,0,zoey_correct_right_taylor,zoey,the ducky,0,michael_correct_left,michael,full of leaves,1,1,,,,,,
2,6/18/2023,Grannys_Gratitude_Stickers_20230618_1_Lookit_SZ,139911,b119bbdc-5ed5-4274-803b-d3e264d3792d,1095-1460,1290,3.53,female,en ,benji,harry,emily_correct_right_andy,emily,emily,1,mason_correct_left_olivia,mason,olivia,0,sara_correct_right_leo,sara,sara,1,taylor_correct_left_zoey,taylor,zoey,0,vicky_correct_left,vicky,vicky,1,2,,,,,,
3,6/18/2023,Grannys_Gratitude_Stickers_20230618_3_Lookit_SZ,139947,40d387ab-24a6-428d-9c23-48c4aa21635a,1095-1460,1350,3.70,female,en pes,benji,harry,emily_correct_right_andy,emily,emily,1,sara_correct_right_leo,sara,leo,0,taylor_correct_left_zoey,taylor,taylor,1,mason_correct_left_olivia,mason,mason,1,vicky_correct_left,vicky,vicky,1,3,,,,,,
4,6/19/2023,Grannys_Gratitude_Stickers_20230619_1_Lookit_SZ,140005,03fb8b59-a63e-42d2-bc16-ce410459e395,1095-1460,1350,3.70,male,en ,benji,harry,sara_correct_right_leo,sara,leo,0,taylor_correct_left_zoey,taylor,zoey,0,emily_correct_right_andy,emily,emily,1,mason_correct_left_olivia,mason,mason,1,vicky_correct_left,vicky,vicky,1,2,,,,,,
5,6/29/2023,Grannys_Gratitude_Stickers_20230629_6_Lookit_SZ,142023,b48d0e48-f5b4-45f3-900a-4b2adb882570,1095-1460,1410,3.86,female,en,benji,harry,taylor_correct_right_zoey,taylor,taylor,1,mason_correct_right_olivia,mason,mason,1,sara_correct_left_leo,sara,sara,1,emily_correct_left_andy,emily,emily,1,vicky_correct_left,vicky,vicky,1,4,,,,,,
6,6/20/2023,Grannys_Gratitude_Stickers_20230620_5_Lookit_SZ,140286,0adc087d-7ac9-44fb-be05-ce11e7dfa4bd,1095-1460,1350,3.70,male,en ,benji,harry,leo_correct_left_sara,leo,leo,1,zoey_correct_right_taylor,zoey,zoey,1,olivia_correct_right_mason,olivia,olivia,1,andy_correct_left_emily,andy,emily,0,vicky_correct_left,vicky,vicky,1,3,,,,,,
7,6/20/2023,Grannys_Gratitude_Stickers_20230620_6_Lookit_SZ,140314,05978614-779f-4b98-bb73-706e3a3d4311,1095-1460,1320,3.62,male,en ,benji,harry,andy_correct_left_emily,andy,emily,0,zoey_correct_right_taylor,zoey,taylor,0,olivia_correct_right_mason,olivia,olivia,1,leo_correct_left_sara,leo,leo,1,vicky_correct_left,vicky,michael who swept a lot of leaves,1,2,The kid got confused with the names in the control trial.,,,,,
8,6/29/2023,Grannys_Gratitude_Stickers_20230629_7_Lookit_SZ,142053,fc7e0b93-412c-4213-86b7-5b638e51e740,1095-1460,1350,3.70,female,en,benji,harry,leo_correct_right_sara,leo,the one who caught the glass vase,1,olivia_correct_left_mason,olivia,mason ,0,andy_correct_right_emily,andy,andy,1,zoey_correct_left_taylor,zoey,phone,1,michael_correct_left,michael,big pile of leaves,1,3,,,,,,
9,6/20/2023,Grannys_Gratitude_Stickers_20230620_8_Lookit_SZ,140345,e2b2369b-0ce6-4962-8e61-8d8afe2bdb83,1095-1460,1230,3.37,female,en,benji,harry,emily_correct_left_andy,emily,egg,1,taylor_correct_right_zoey,taylor,phone,1,sara_correct_left_leo,sara,bear,0,mason_correct_right_olivia,mason,sunscreen,0,michael_correct_left,michael,a lot of leaves,1,2,,,,,,
10,6/20/2023,Grannys_Gratitude_Stickers_20230620_9_Lookit_SZ,140369,688867b3-c7a0-476b-a254-d762e5ddb6ca,1095-1460,1380,3.78,male,en,benji,harry,andy_correct_left_emily,andy,emily,0,olivia_correct_right_mason,olivia,olivia,1,leo_correct_left_sara,leo,leo,1,zoey_correct_right_taylor,zoey,zoey,1,michael_correct_left,michael,michael,1,3,,,,,,
11,6/21/2023,Grannys_Gratitude_Stickers_20230621_1_Lookit_SZ,140391,38d275fc-46df-47a6-b53b-01b19ae30719,1095-1460,1260,3.45,female,en so,benji,harry,andy_correct_left_emily,andy,emily,0,leo_correct_left_sara,leo,sara,0,olivia_correct_right_mason,olivia,olivia,1,zoey_correct_right_taylor,zoey,zoey,1,michael_correct_left,michael,vicky,0,2,"Kid first said, ""a lot of leaves"", then the parent asked, ""so should she give the sticker to Michael who swept a lot or Vicky who swept a little?"", the kid changed mind.",,,,,
12,6/22/2023,Grannys_Gratitude_Stickers_20230622_1_Lookit_SZ,140628,e0261bc1-2bbe-4d86-ae42-8d66416db6fc,1095-1460,1440,3.95,male,en,benji,harry,sara_correct_right_leo,sara,sara,1,taylor_correct_left_zoey,taylor,phone,1,emily_correct_right_andy,emily,the egg,1,mason_correct_left_olivia,mason,mason,1,michael_correct_left,michael,vicky,0,4,,,,,,
13,6/22/2023,Grannys_Gratitude_Stickers_20230622_3_Lookit_SZ,140706,6862abc4-cc91-4c84-8349-f9f844601945,1095-1460,1200,3.29,female,en es,benji,harry,olivia_correct_right_mason,olivia,olivia,1,zoey_correct_right_taylor,zoey,zoey,1,andy_correct_left_emily,andy,andy,1,leo_correct_left_sara,leo,sara,0,vicky_correct_left,vicky,vicky,1,3,,,,,,
14,6/22/2023,Grannys_Gratitude_Stickers_20230622_4_Lookit_SZ,140848,15376a79-6698-4d62-945f-ea56d736479f,1095-1460,1230,3.37,female,en yue,benji,harry,andy_correct_left_emily,andy,emily,0,zoey_correct_right_taylor,zoey,taylor,0,olivia_correct_right_mason,olivia,olivia,1,leo_correct_left_sara,leo,leo,1,vicky_correct_left,vicky,vicky,1,2,"Parent rephrased: ""Who should get the sticker? Who did a great job?""",,,,,
15,6/22/2023,Grannys_Gratitude_Stickers_20230622_5_Lookit_SZ,140869,833a3c3b-5dea-424f-9037-d2dde7023281,1095-1460,1170,3.21,male,en,benji,harry,mason_correct_right_olivia,mason,ice cream,1,emily_correct_left_andy,emily,egg,1,taylor_correct_right_zoey,taylor,taylor,1,sara_correct_left_leo,sara,the toy bear,0,michael_correct_left,michael,that one,0,3,not sure which character the kid pointed to in the control trial,,,,,
16,6/23/2023,Grannys_Gratitude_Stickers_20230623_2_Lookit_SZ,141054,d5843c85-e7b9-4200-a6ee-32ac4a3805bf,1095-1460,1200,3.29,male,en,benji,harry,taylor_correct_left_zoey,taylor,zoey,0,mason_correct_left_olivia,mason,olivia,0,sara_correct_right_leo,sara,sara,1,emily_correct_right_andy,emily,emily,1,michael_correct_left,michael,vicky,0,2,,,,,,
17,6/24/2023,Grannys_Gratitude_Stickers_20230624_1_Lookit_SZ,141117,43577147-97f9-483d-be0a-0848d1cc70e0,1095-1460,1140,3.12,female,en,benji,harry,andy_correct_left_emily,andy,the egg,1,zoey_correct_right_taylor,zoey,the ducky,0,leo_correct_left_sara,leo,the toy bear,0,olivia_correct_right_mason,olivia,the ice cream,1,michael_correct_left,michael,michael,1,2,,,,,,
18,6/30/2023,Grannys_Gratitude_Stickers_20230630_1_Lookit_SZ,142121,bde406ac-4106-4a0c-a8dc-a80c771004fd,1095-1460,1410,3.86,female,en,benji,harry,andy_correct_right_emily,andy,andy,1,leo_correct_right_sara,leo,sara,0,olivia_correct_left_mason,olivia,olivia,1,zoey_correct_left_taylor,zoey,taylor,0,michael_correct_left,michael,michael,1,2,,,,,,
19,6/25/2023,Grannys_Gratitude_Stickers_20230625_3_Lookit_SZ,141192,48f584ad-fd84-4e47-837f-0a00c4c75e5f,1095-1460,1200,3.29,male,en yue,benji,harry,zoey_correct_right_taylor,zoey,zoey,1,olivia_correct_right_mason,olivia,sunscreen,0,andy_correct_left_emily,andy,egg,1,leo_correct_left_sara,leo,toy bear,0,michael_correct_left,michael,vicky,0,2,,,,,,
20,6/26/2023,Grannys_Gratitude_Stickers_20230626_2_Lookit_SZ,141420,3301273e-2436-4f60-a6e3-5fa33e3e497f,1095-1460,1410,3.86,female,en nl wuu,benji,harry,mason_correct_left_olivia,mason,ice cream,1,taylor_correct_left_zoey,taylor,zoey,0,sara_correct_right_leo,sara,sara,1,emily_correct_right_andy,emily,andy,0,michael_correct_left,michael,vicky,0,2,,,,,,
21,7/1/2023,Grannys_Gratitude_Stickers_20230701_1_Lookit_SZ,142250,dba02559-d3e3-4c90-a9f8-1f70e2aa9f42,1095-1460,1290,3.53,male,en,benji,harry,olivia_correct_right_mason,olivia,olivia,1,zoey_correct_right_taylor,zoey,zoey,1,leo_correct_left_sara,leo,leo,1,andy_correct_left_emily,andy,emily,0,michael_correct_left,michael,michael,1,3,,,,,,
22,6/26/2023,Grannys_Gratitude_Stickers_20230626_4_Lookit_SZ,141441,949e25da-3146-43e0-a2df-69acad061985,1095-1460,1380,3.78,female,en,benji,harry,zoey_correct_right_taylor,zoey,zoey,1,leo_correct_left_sara,leo,sara,0,olivia_correct_right_mason,olivia,olivia,1,andy_correct_left_emily,andy,emily,0,michael_correct_left,michael,michael,1,2,,,,,,
23,6/27/2023,Grannys_Gratitude_Stickers_20230627_2_Lookit_SZ,141518,dfd3b193-2304-4306-808d-4b98ec2c92fe,1095-1460,1140,3.12,male,en pes ml,benji,harry,mason_correct_left_olivia,mason,ice cream,1,emily_correct_right_andy,emily,basketball,0,sara_correct_right_leo,sara,glass vase,1,taylor_correct_left_zoey,taylor,phone,1,vicky_correct_left,vicky,a full of leaves,1,3,,,,,,
24,6/27/2023,Grannys_Gratitude_Stickers_20230627_3_Lookit_SZ,141604,fc408977-ded9-4538-80e5-6863d15bb7ac,1095-1460,1410,3.86,female,en,benji,harry,zoey_correct_left_taylor,zoey,zoey,1,leo_correct_right_sara,leo,sara,0,olivia_correct_left_mason,olivia,olivia,1,andy_correct_right_emily,andy,emily,0,vicky_correct_left,vicky,vicky,1,2,,,,,,
25,7/3/2023,Grannys_Gratitude_Stickers_20230703_5_Lookit_SZ,142453,c289ba96-14d9-4555-95ae-2c006cbbc760,1095-1460,1110,3.04,male,en,benji,harry,andy_correct_right_emily,andy,andy,1,leo_correct_right_sara,leo,leo,1,zoey_correct_left_taylor,zoey,taylor,0,olivia_correct_left_mason,olivia,mason,0,michael_correct_left,michael,michael,1,2,,,,,,
26,7/3/2023,Grannys_Gratitude_Stickers_20230703_7_Lookit_SZ,142538,3ca70aac-2506-4268-9830-f2afeaeafc54,1095-1460,1320,3.62,male,en es,benji,harry,zoey_correct_left_taylor,zoey,taylor,0,leo_correct_right_sara,leo,sara,0,andy_correct_right_emily,andy,andy,1,olivia_correct_left_mason,olivia,mason,0,michael_correct_left,michael,michael,1,1,,,,,,
27,7/4/2023,Grannys_Gratitude_Stickers_20230704_3_Lookit_SZ,142603,73be3134-4731-4e32-a681-31a2d7947afb,1095-1460,1320,3.62,male,en,benji,harry,taylor_correct_left_zoey,taylor,taylor,1,mason_correct_left_olivia,mason,olivia,0,emily_correct_right_andy,emily,emily,1,sara_correct_right_leo,sara,sara,1,vicky_correct_left,vicky,a little bit leaves,0,3,,,,,,
28,7/4/2023,Grannys_Gratitude_Stickers_20230704_4_Lookit_SZ,142609,2dff1fae-5a88-4ef7-b679-79236f36dcc2,1095-1460,1410,3.86,male,en,benji,harry,mason_correct_right_olivia,mason,olivia ,0,emily_correct_left_andy,emily,andy,0,taylor_correct_right_zoey,taylor,taylor,1,sara_correct_left_leo,sara,sara,1,vicky_correct_left,vicky,vicky,1,2,,,,,,
29,6/29/2023,Grannys_Gratitude_Stickers_20230629_1_Lookit_SZ,141879,f9339e0b-1343-40b7-9b94-1b32f1150aa6,1095-1460,1200,3.29,female,en,benji,harry,andy_correct_left_emily,andy,basketball,0,zoey_correct_right_taylor,zoey,zoey,1,olivia_correct_right_mason,olivia,olivia,1,leo_correct_left_sara,leo,sara,0,vicky_correct_left,vicky,vicky,1,2,,,,,,
30,6/29/2023,Grannys_Gratitude_Stickers_20230629_2_Lookit_SZ,141919,18b6c46d-cd75-43ab-8376-2eb19bfabeb5,1095-1460,1350,3.70,female,en,benji,harry,zoey_correct_right_taylor,zoey,rubber ducky,0,andy_correct_left_emily,andy,andy,1,leo_correct_left_sara,leo,sara,0,olivia_correct_right_mason,olivia,olivia,1,vicky_correct_left,vicky,a lot of leaves,1,2,,,,,,
31,6/19/2023,Grannys_Gratitude_Stickers_20230619_3_Lookit_SZ,140052,19204788-e252-4bc5-8ce1-c2cdd09d3a92,1461-1826,1470,4.03,male,en ko,benji,harry,leo_correct_right_sara,leo,leo,1,zoey_correct_left_taylor,zoey,zoey,1,andy_correct_right_emily,andy,emily,0,olivia_correct_left_mason,olivia,mason,0,vicky_correct_left,vicky,vicky,1,2,,,,,,
32,6/22/2023,Grannys_Gratitude_Stickers_20230622_2_Lookit_SZ,140680,00e13256-0ecb-40bb-94c1-863908a7c1ec,1461-1826,1470,4.03,female,en,benji,harry,sara_correct_left_leo,sara,leo,0,emily_correct_left_andy,emily,emiliy,1,mason_correct_right_olivia,mason,olivia,0,taylor_correct_right_zoey,taylor,zoey,0,michael_correct_left,michael,vicky,0,1,,,,,,
33,6/30/2023,Grannys_Gratitude_Stickers_20230630_4_Lookit_SZ,142179,cc196c61-2b0c-4542-a3f8-324ed636efcd,1461-1826,1500,4.11,male,en,benji,harry,andy_correct_left_emily,andy,emily who caught the egg,1,zoey_correct_right_taylor,zoey,zoey who caught the phone,1,leo_correct_left_sara,leo,leo who caught the toy bear,0,olivia_correct_right_mason,olivia,olivia who caught the ice cream,1,vicky_correct_left,vicky,vicky,1,3,,,,,,
34,7/16/2023,Grannys_Gratitude_Stickers_20230716_3_Lookit_SZ,144140,767c26d3-eba7-4039-b208-8a465fc5955b,1461-1826,1710,4.68,female,en cmn,benji,harry,sara_correct_right_leo,sara,sara,1,mason_correct_left_olivia,mason,olivia,0,taylor_correct_left_zoey,taylor,taylor,1,emily_correct_right_andy,emily,emily,1,michael_correct_left,michael,michael,1,3,,,,,,
35,7/16/2023,Grannys_Gratitude_Stickers_20230716_9_Lookit_SZ,144206,ea8687c3-2806-4c84-9b9f-0c249e222c8e,1461-1826,1710,4.68,female,en ,benji,harry,mason_correct_right_olivia,mason,olivia,0,emily_correct_left_andy,emily,egg,1,sara_correct_left_leo,sara,sara,1,taylor_correct_right_zoey,taylor,taylor,1,michael_correct_left,michael,michael,1,3,,,,,,
36,7/16/2023,Grannys_Gratitude_Stickers_20230716_11_Lookit_SZ,144213,f982251a-5cae-40d6-a084-fcc64a16c708,1461-1826,1650,4.52,female,en ,benji,harry,leo_correct_right_sara,leo,teddy bear,0,zoey_correct_left_taylor,zoey,the ducky,0,andy_correct_right_emily,andy,the egg,1,olivia_correct_left_mason,olivia,ice cream,1,vicky_correct_left,vicky,michael,0,2,,,,,,
37,7/16/2023,Grannys_Gratitude_Stickers_20230716_12_Lookit_SZ,144216,08d587c2-b3f1-4342-ae9e-e7d3bad4cd87,1461-1826,1800,4.93,male,en,benji,harry,olivia_correct_left_mason,olivia,ice cream,1,zoey_correct_left_taylor,zoey,zoey,1,leo_correct_right_sara,leo,the vase,1,andy_correct_right_emily,andy,egg,1,michael_correct_left,michael,the one who got more,1,4,,,,,,
38,7/17/2023,Grannys_Gratitude_Stickers_20230717_5_Lookit_SZ,144296,bda07f27-6948-4465-b873-4388179b9ea2,1461-1826,1770,4.85,male,en,benji,harry,olivia_correct_left_mason,olivia,mason,0,leo_correct_right_sara,leo,sara,0,andy_correct_right_emily,andy,emily,0,zoey_correct_left_taylor,zoey,zoey,1,vicky_correct_left,vicky,vicky,1,1,,,,,,
39,7/17/2023,Grannys_Gratitude_Stickers_20230717_7_Lookit_SZ,144355,6143a3c1-8f13-40a2-8e65-9d9bc52721d3,1461-1826,1740,4.77,male,en so,benji,harry,zoey_correct_right_taylor,zoey,I don't know,0,andy_correct_left_emily,andy,andy,1,olivia_correct_right_mason,olivia,olivia,1,leo_correct_left_sara,leo,leo,1,michael_correct_left,michael,michael,1,3,,,,,,
40,7/18/2023,Grannys_Gratitude_Stickers_20230718_2_Lookit_SZ,144516,cc852cd8-3602-4d1b-85e8-ee5acd61e8cf,1461-1826,1530,4.19,female,en ,benji,harry,sara_correct_left_leo,sara,leo,0,emily_correct_left_andy,emily,emily,1,taylor_correct_right_zoey,taylor,zoey,0,mason_correct_right_olivia,mason,the sunscreen,0,vicky_correct_left,vicky,vicky,1,1,,,,,,
41,7/18/2023,Grannys_Gratitude_Stickers_20230718_5_Lookit_SZ,144564,5e7b9524-3a2a-4b5a-9a3d-143c99ceef6f,1461-1826,1530,4.19,female,en ,benji,harry,mason_correct_right_olivia,mason,mason who caught the ice cream,1,sara_correct_left_leo,sara,leo who got the toy bear,0,taylor_correct_right_zoey,taylor,taylor who caught the phone,1,emily_correct_left_andy,emily,andy who caught the basketball,0,vicky_correct_left,vicky,michael,0,2,,,,,,
42,7/18/2023,Grannys_Gratitude_Stickers_20230718_7_Lookit_SZ,144587,8041668a-1a9f-4f90-afb9-10e6b538f50f,1461-1826,1530,4.19,female,en it ru es,benji,harry,zoey_correct_right_taylor,zoey,zoey,1,andy_correct_left_emily,andy,andy,1,olivia_correct_right_mason,olivia,olivia,1,leo_correct_left_sara,leo,leo,1,michael_correct_left,michael,michael,1,4,"kid pointed, the parent said the names for the kid ",,,,,
43,7/18/2023,Grannys_Gratitude_Stickers_20230718_8_Lookit_SZ,144599,ee3e3369-7ffa-41d8-87b6-5bb7bc238b1e,1461-1826,1620,4.44,female,en ,benji,harry,andy_correct_left_emily,andy,emily who caught the basketball,0,leo_correct_left_sara,leo,leo who caught the glass vase,1,olivia_correct_right_mason,olivia,olivia who caught the ice cream,1,zoey_correct_right_taylor,zoey,zoey who caught the phone,1,vicky_correct_left,vicky,vicky,1,3,,,,,,
44,7/19/2023,Grannys_Gratitude_Stickers_20230719_4_Lookit_SZ,144833,012f2f41-d694-4f81-b27d-2072fb81f29b,1461-1826,1560,4.27,male,en,benji,harry,taylor_correct_right_zoey,taylor,taylor,1,emily_correct_left_andy,emily,egg,1,mason_correct_right_olivia,mason,ice cream,1,sara_correct_left_leo,sara,toy bear,0,vicky_correct_left,vicky,a lot of leaves,1,3,,,,,,
45,7/19/2023,Grannys_Gratitude_Stickers_20230719_7_Lookit_SZ,144899,31d65226-d11b-4fdc-af58-3e59c9bc2105,1461-1826,1530,4.19,female,en,benji,harry,andy_correct_left_emily,andy,emily,0,leo_correct_left_sara,leo,sara,0,zoey_correct_right_taylor,zoey,zoey,1,olivia_correct_right_mason,olivia,olivia,1,vicky_correct_left,vicky,vicky,1,2,,,,,,
46,7/20/2023,Grannys_Gratitude_Stickers_20230720_4_Lookit_SZ,145103,63a91f66-a726-4b21-8483-6f18ebc042c1,1461-1826,1740,4.77,female,en,benji,harry,mason_correct_left_olivia,mason,ice cream,1,emily_correct_right_andy,emily,emily,1,sara_correct_right_leo,sara,sara,1,taylor_correct_left_zoey,taylor,taylor,1,vicky_correct_left,vicky,a lot of leaves,1,4,,,,,,
47,7/21/2023,Grannys_Gratitude_Stickers_20230721_3_Lookit_SZ,145249,1944ed8c-33fc-4c8a-8712-950d84a1a0d9,1461-1826,1500,4.11,male,en,benji,harry,andy_correct_left_emily,andy,emily,0,zoey_correct_right_taylor,zoey,zoey,1,leo_correct_left_sara,leo,leo,1,olivia_correct_right_mason,olivia,ice cream,1,michael_correct_left,michael,michael,1,3,,,,,,
48,7/23/2023,Grannys_Gratitude_Stickers_20230723_2_Lookit_SZ,145443,feb7ab94-447f-45ed-b5e6-ad0a17f4ee7a,1461-1826,1770,4.85,male,en,benji,harry,taylor_correct_right_zoey,taylor,taylor who got the phone,1,mason_correct_right_olivia,mason,olivia,0,emily_correct_left_andy,emily,andy who caught the basketball,0,sara_correct_left_leo,sara,leo that caught the toy bear,0,vicky_correct_left,vicky,michael that got a little leaves,0,1,,,,,,
49,8/12/2023,Grannys_Gratitude_Stickers_20230812_4_Lookit_SZ,149298,bf81de82-0e25-48e8-9ef9-45e1c904663e,1461-1826,1680,4.60,female,en pes,benji,harry,andy_correct_right_emily,andy,andy who caught the egg,1,olivia_correct_left_mason,olivia,olivia who caught the ice cream,1,zoey_correct_left_taylor,zoey,phone,1,leo_correct_right_sara,leo,sara,0,vicky_correct_left,vicky,michael who swept a lot of leaves,1,3,,,,,,
50,8/13/2023,Grannys_Gratitude_Stickers_20230813_2_Lookit_SZ,149390,4b7dc252-6157-4062-b95a-e1e1aa90360e,1461-1826,1740,4.77,male,en,benji,harry,leo_correct_left_sara,leo,leo,1,andy_correct_left_emily,andy,andy,1,zoey_correct_right_taylor,zoey,zoey,1,olivia_correct_right_mason,olivia,olivia,1,vicky_correct_left,vicky,vicky,1,4,,,,,,
51,8/14/2023,Grannys_Gratitude_Stickers_20230814_1_Lookit_SZ,149505,58c271f4-3f08-45bd-931c-d5baa87ae229,1461-1826,1560,4.27,male,en he,benji,harry,andy_correct_right_emily,andy,emily,0,zoey_correct_left_taylor,zoey,the phone,1,leo_correct_right_sara,leo,sara,0,olivia_correct_left_mason,olivia,olivia,1,vicky_correct_left,vicky,vicky,1,2,,,,,,
52,8/14/2023,Grannys_Gratitude_Stickers_20230814_4_Lookit_SZ,149587,d047077c-f7c7-41f7-9933-f5d34e0b6a78,1461-1826,1800,4.93,female,en cmn,benji,harry,emily_correct_left_andy,emily,emily,1,sara_correct_left_leo,sara,sara,1,taylor_correct_right_zoey,taylor,taylor,1,mason_correct_right_olivia,mason,mason,1,michael_correct_left,michael,michael,1,4,because the phone might get a scratch; ice cream looks really yummy,,,,,
53,8/14/2023,Grannys_Gratitude_Stickers_20230814_7_Lookit_SZ,149699,a43a80ec-0745-4b9b-a245-1bf16a47391d,1461-1826,1500,4.11,male,en,benji,harry,mason_correct_right_olivia,mason,mason,1,taylor_correct_right_zoey,taylor,zoey,0,sara_correct_left_leo,sara,leo,0,emily_correct_left_andy,emily,andy,0,michael_correct_left,michael,michael,1,1,,,,,,
54,8/14/2023,Grannys_Gratitude_Stickers_20230814_10_Lookit_SZ,149762,8e1c976c-87af-49dd-a801-af972c4c9734,1461-1826,1710,4.68,female,en de,benji,harry,sara_correct_left_leo,sara,sara,1,taylor_correct_right_zoey,taylor,zoey,0,emily_correct_left_andy,emily,emily,1,mason_correct_right_olivia,mason,olivia,0,michael_correct_left,michael,michael,1,2,,,,,,
55,8/16/2023,Grannys_Gratitude_Stickers_20230816_2_Lookit_SZ,150108,e9d4ed8a-191b-474a-b5c9-1203e8a751dc,1461-1826,1620,4.44,male,en,benji,harry,mason_correct_right_olivia,mason,mason,1,taylor_correct_right_zoey,taylor,zoey,0,emily_correct_left_andy,emily,andy,0,sara_correct_left_leo,sara,sara,1,michael_correct_left,michael,michael,1,2,,,,,,
56,8/16/2023,Grannys_Gratitude_Stickers_20230816_4_Lookit_SZ,150155,54b44ef6-edad-4238-91d2-8db0cc33e539,1461-1826,1800,4.93,female,en,benji,harry,olivia_correct_right_mason,olivia,sunscreen,0,zoey_correct_right_taylor,zoey,zoey,1,leo_correct_left_sara,leo,leo,1,andy_correct_left_emily,andy,emily,0,michael_correct_left,michael,michael,1,2,,,,,,
57,8/16/2023,Grannys_Gratitude_Stickers_20230816_5_Lookit_SZ,150161,d5a54e65-efd7-40a7-aa51-402843937011,1461-1826,1650,4.52,male,en,benji,harry,sara_correct_right_leo,sara,sara,1,emily_correct_right_andy,emily,emily,1,mason_correct_left_olivia,mason,mason,1,taylor_correct_left_zoey,taylor,taylor,1,michael_correct_left,michael,michael,1,4,,,,,,
58,8/16/2023,Grannys_Gratitude_Stickers_20230816_7_Lookit_SZ,150436,6cecd444-7563-4f2a-b3f5-6e11bcefa94a,1461-1826,1800,4.93,male,en,benji,harry,taylor_correct_left_zoey,taylor,taylor,1,emily_correct_right_andy,emily,emily,1,mason_correct_left_olivia,mason,olivia,0,sara_correct_right_leo,sara,sara,1,vicky_correct_left,vicky,vicky,1,3,,,,,,
59,8/16/2023,Grannys_Gratitude_Stickers_20230816_8_Lookit_SZ,150490,072ef2eb-0483-4fe5-bd48-9b1309bede61,1461-1826,1680,4.60,female,en,benji,harry,taylor_correct_right_zoey,taylor,taylor,1,sara_correct_left_leo,sara,sara,1,mason_correct_right_olivia,mason,olivia,0,emily_correct_left_andy,emily,emily,1,michael_correct_left,michael,michael,1,3,,,,,,
60,8/17/2023,Grannys_Gratitude_Stickers_20230817_4_Lookit_SZ,150588,a8c5df16-d701-46c2-a330-8cceb37bf1f3,1461-1826,1770,4.85,male,unknown,benji,harry,andy_correct_left_emily,andy,egg,1,olivia_correct_right_mason,olivia,olivia,1,leo_correct_left_sara,leo,leo,1,zoey_correct_right_taylor,zoey,zoey,1,michael_correct_left,michael,michael,1,4,,,,,,
61,7/16/2023,Grannys_Gratitude_Stickers_20230716_5_Lookit_SZ,144164,f55c4452-915b-4c2a-a448-3b61d2bbcdb9,1826-2191,2100,5.75,female,en,benji,harry,olivia_correct_left_mason,olivia,olivia,1,zoey_correct_left_taylor,zoey,zoey,1,leo_correct_right_sara,leo,leo,1,andy_correct_right_emily,andy,andy,1,vicky_correct_left,vicky,vicky,1,4,,,,,,
62,7/16/2023,Grannys_Gratitude_Stickers_20230716_6_Lookit_SZ,144172,51867f03-ab61-47cf-a7e1-dd2fd5263e49,1826-2191,1980,5.42,female,en,benji,harry,emily_correct_left_andy,emily,emily,1,sara_correct_left_leo,sara,sara,1,taylor_correct_right_zoey,taylor,zoey,0,mason_correct_right_olivia,mason,olivia,0,vicky_correct_left,vicky,vicky,1,2,,,,,,
63,7/16/2023,Grannys_Gratitude_Stickers_20230716_10_Lookit_SZ,144211,f5e8a56f-8bb6-46b6-9dca-71cb31869390,1826-2191,1860,5.10,female,en,benji,harry,taylor_correct_right_zoey,taylor,taylor,1,mason_correct_right_olivia,mason,olivia,0,sara_correct_left_leo,sara,sara,1,emily_correct_left_andy,emily,emily,1,vicky_correct_left,vicky,vicky,1,3,,,,,,
64,7/17/2023,Grannys_Gratitude_Stickers_20230717_3_Lookit_SZ,144275,3a38763c-c222-43ec-972f-9ec9c7e31db9,1826-2191,1860,5.10,female,en,benji,harry,leo_correct_left_sara,leo,leo,1,andy_correct_left_emily,andy,andy,1,olivia_correct_right_mason,olivia,olivia,1,zoey_correct_right_taylor,zoey,zoey,1,vicky_correct_left,vicky,vicky,1,4,,,,,,
65,7/17/2023,Grannys_Gratitude_Stickers_20230717_9_Lookit_SZ,144477,3a3f2d1e-1557-4f62-8850-06ad5184a877,1826-2191,2160,5.92,unknown,en ml yo,benji,harry,zoey_correct_right_taylor,zoey,zoey,1,olivia_correct_right_mason,olivia,olivia,1,andy_correct_left_emily,andy,andy,1,leo_correct_left_sara,leo,leo,1,michael_correct_left,michael,michael,1,4,,,,,,
66,7/18/2023,Grannys_Gratitude_Stickers_20230718_3_Lookit_SZ,144533,e283711e-a5ac-4500-80e4-ff74df5a2fd1,1826-2191,1950,5.34,male,en so,benji,harry,zoey_correct_left_taylor,zoey,taylor,0,olivia_correct_left_mason,olivia,sunscreen,0,andy_correct_right_emily,andy,andy,1,leo_correct_right_sara,leo,leo,1,vicky_correct_left,vicky,vicky,1,2,,,,,,
67,7/18/2023,Grannys_Gratitude_Stickers_20230718_13_Lookit_SZ,144683,b11380da-2d7f-4641-be78-afe76bee73fd,1826-2191,1890,5.18,female,en fr ru,benji,harry,sara_correct_left_leo,sara,sara,1,taylor_correct_right_zoey,taylor,taylor,1,emily_correct_left_andy,emily,emily,1,mason_correct_right_olivia,mason,mason,1,vicky_correct_left,vicky,vicky,1,4,,,,,,
68,7/19/2023,Grannys_Gratitude_Stickers_20230719_1_Lookit_SZ,144713,35940016-0d93-41fa-bab5-d4cbdfd0d56a,1826-2191,1950,5.34,male,en,benji,harry,andy_correct_left_emily,andy,emily,0,olivia_correct_right_mason,olivia,olivia,1,zoey_correct_right_taylor,zoey,zoey,1,leo_correct_left_sara,leo,leo,1,vicky_correct_left,vicky,michael,0,3,,,,,,
69,7/19/2023,Grannys_Gratitude_Stickers_20230719_6_Lookit_SZ,144870,3b81afd8-9e8d-4685-aff6-74199a739e56,1826-2191,2010,5.51,male,en,benji,harry,emily_correct_right_andy,emily,andy,0,mason_correct_left_olivia,mason,olivia,0,taylor_correct_left_zoey,taylor,zoey,0,sara_correct_right_leo,sara,sara,1,vicky_correct_left,vicky,michael,0,1,,,,,,
70,7/20/2023,Grannys_Gratitude_Stickers_20230720_1_Lookit_SZ,144995,f25c9bbf-8e19-4d59-9fe0-6ba2cf3f6737,1826-2191,1830,5.01,female,en,benji,harry,olivia_correct_right_mason,olivia,olivia,1,leo_correct_left_sara,leo,glass vase,1,andy_correct_left_emily,andy,andy,1,zoey_correct_right_taylor,zoey,zoey,1,michael_correct_left,michael,michael,1,4,,,,,,
71,7/20/2023,Grannys_Gratitude_Stickers_20230720_3_Lookit_SZ,145098,33f60975-d872-4f39-a976-c21c39a212c3,1826-2191,2070,5.67,male,en,benji,harry,sara_correct_right_leo,sara,leo,0,mason_correct_left_olivia,mason,mason,1,emily_correct_right_andy,emily,andy,0,taylor_correct_left_zoey,taylor,taylor,1,michael_correct_left,michael,michael,1,2,,,,,,
72,7/21/2023,Grannys_Gratitude_Stickers_20230721_4_Lookit_SZ,145255,13a0e7e4-01db-45b0-956d-11bb3672a2b8,1826-2191,2100,5.75,female,en he,benji,harry,mason_correct_left_olivia,mason,mason,1,emily_correct_right_andy,emily,both,0,taylor_correct_left_zoey,taylor,taylor,1,sara_correct_right_leo,sara,sara,1,michael_correct_left,michael,michael,1,3,,,,,,
73,7/22/2023,Grannys_Gratitude_Stickers_20230722_1_Lookit_SZ,145372,aa1dac94-d649-4243-956f-8bdcca91c4ca,1826-2191,1950,5.34,male,en de,benji,harry,zoey_correct_right_taylor,zoey,taylor,0,andy_correct_left_emily,andy,emily,0,olivia_correct_right_mason,olivia,olivia,1,leo_correct_left_sara,leo,sara,0,vicky_correct_left,vicky,vicky,1,1,,,,,,
74,7/22/2023,Grannys_Gratitude_Stickers_20230722_4_Lookit_SZ,145403,0e6ab723-9ced-4629-b122-613dde41328c,1826-2191,2160,5.92,male,en es,benji,harry,emily_correct_left_andy,emily,emily,1,sara_correct_left_leo,sara,sara,1,taylor_correct_right_zoey,taylor,taylor,1,mason_correct_right_olivia,mason,mason,1,michael_correct_left,michael,michael,1,4,,,,,,
75,7/22/2023,Grannys_Gratitude_Stickers_20230722_5_Lookit_SZ,145404,7b2b7e99-f4ba-4da5-9238-680769f44ba1,1826-2191,2040,5.59,male,en,benji,harry,emily_correct_right_andy,emily,the basketball,0,mason_correct_left_olivia,mason,the ice cream,1,taylor_correct_left_zoey,taylor,taylor,1,sara_correct_right_leo,sara,leo,0,vicky_correct_left,vicky,vicky,1,2,,,,,,
76,7/22/2023,Grannys_Gratitude_Stickers_20230722_8_Lookit_SZ,145418,c8fc35c1-64a3-4066-b6ac-3c6bfdce8456,1826-2191,1980,5.42,male,unknown,benji,harry,taylor_correct_left_zoey,taylor,the phone,1,emily_correct_right_andy,emily,emily,1,mason_correct_left_olivia,mason,mason,1,sara_correct_right_leo,sara,sara,1,vicky_correct_left,vicky,vicky,1,4,,,,,,
77,7/23/2023,Grannys_Gratitude_Stickers_20230723_1_Lookit_SZ,145437,c6665b21-c67d-4462-b82b-cf380c52613d,1826-2191,1860,5.10,female,en ur,benji,harry,olivia_correct_right_mason,olivia,olivia,1,andy_correct_left_emily,andy,the egg,1,zoey_correct_right_taylor,zoey,zoey,1,leo_correct_left_sara,leo,sara,0,vicky_correct_left,vicky,michael,0,3,,,,,,
78,8/11/2023,Grannys_Gratitude_Stickers_20230811_1_Lookit_SZ,149062,04bc792b-2637-411c-ba95-0867c9770918,1826-2191,1920,5.26,male,en,benji,harry,taylor_correct_left_zoey,taylor,taylor,1,emily_correct_right_andy,emily,emily,1,sara_correct_right_leo,sara,sara,1,mason_correct_left_olivia,mason,olivia,0,vicky_correct_left,vicky,vicky,1,3,,,,,,
79,8/11/2023,Grannys_Gratitude_Stickers_20230811_6_Lookit_SZ,149106,867d3099-f2d4-4b43-a4fa-e4d4f588a5e2,1826-2191,1980,5.42,male,en,benji,harry,leo_correct_right_sara,leo,leo,1,andy_correct_right_emily,andy,andy,1,zoey_correct_left_taylor,zoey,zoey,1,olivia_correct_left_mason,olivia,olivia,1,michael_correct_left,michael,michael,1,4,,,,,,
80,8/11/2023,Grannys_Gratitude_Stickers_20230811_7_Lookit_SZ,149125,cefb3e09-498f-469d-8055-82b354341638,1826-2191,2160,5.92,female,en,benji,harry,olivia_correct_right_mason,olivia,olivia,1,andy_correct_left_emily,andy,emily,0,leo_correct_left_sara,leo,leo,1,zoey_correct_right_taylor,zoey,zoey,1,michael_correct_left,michael,michael,1,3,,,,,,
81,8/11/2023,Grannys_Gratitude_Stickers_20230811_8_Lookit_SZ,149177,e6acc1fe-fa19-441c-b887-e622ffab1ad2,1826-2191,1920,5.26,male,unknown,benji,harry,leo_correct_right_sara,leo,leo,1,andy_correct_right_emily,andy,andy,1,zoey_correct_left_taylor,zoey,zoey,1,olivia_correct_left_mason,olivia,mason,0,vicky_correct_left,vicky,vicky,1,3,,,,,,
82,8/17/2023,Grannys_Gratitude_Stickers_20230817_10_Lookit_SZ,150653,8ad452ef-b6a4-40c7-ac88-f441a03ea503,1826-2191,1920,5.26,male,,benji,harry,olivia_correct_right_mason,olivia,olivia,1,leo_correct_left_sara,leo,leo,1,andy_correct_left_emily,andy,andy,1,zoey_correct_right_taylor,zoey,zoey,1,vicky_correct_left,vicky,michael,0,4,,,,,,
83,8/12/2023,Grannys_Gratitude_Stickers_20230812_6_Lookit_SZ,149314,4f1cff15-0bd7-4ced-b2ab-fb1d92595cc0,1826-2191,1980,5.42,male,en,benji,harry,emily_correct_right_andy,emily,emily,1,mason_correct_left_olivia,mason,mason,1,taylor_correct_left_zoey,taylor,zoey,0,sara_correct_right_leo,sara,leo,0,michael_correct_left,michael,michael,1,2,,,,,,
84,8/13/2023,Grannys_Gratitude_Stickers_20230813_1_Lookit_SZ,149381,6d3f4989-cfc3-4e1f-a07e-275efa7c7eec,1826-2191,2160,5.92,male,en,benji,harry,leo_correct_left_sara,leo,leo,1,zoey_correct_right_taylor,zoey,zoey,1,olivia_correct_right_mason,olivia,olivia,1,andy_correct_left_emily,andy,andy,1,michael_correct_left,michael,michael,1,4,"leo cause he caught something made of glass and so it doesn't break; zoey because the phone would break if it goes into water but this(rubber ducky) would flow on the water and that would be fine; olivia cause it(the ice cream) comes out it will spill on the ground but this won't; andy who caught the egg cause the egg would crack on the floor and she would have to clean it up; michael because he cleaned up more, and not vicky cause vicky only cleaned up, let me count, 1,2,3,4,5, vicky only cleaned up 5.",,,,,
85,8/13/2023,Grannys_Gratitude_Stickers_20230813_5_Lookit_SZ,149451,06964e53-f5d1-4b38-8fed-57b1001e0163,1826-2191,2070,5.67,female,en,benji,harry,emily_correct_right_andy,emily,emily,1,taylor_correct_left_zoey,taylor,taylor ,1,mason_correct_left_olivia,mason,mason,1,sara_correct_right_leo,sara,sara,1,michael_correct_left,michael,michael,1,4,,,,,,
86,8/14/2023,Grannys_Gratitude_Stickers_20230814_5_Lookit_SZ,149645,f64433f4-9d74-4a88-ac77-ceec40672e0d,1826-2191,1830,5.01,female,en so, benji,harry,mason_correct_right_olivia,mason,olivia,0,taylor_correct_right_zoey,taylor,phone,1,emily_correct_left_andy,emily,emily,1,sara_correct_left_leo,sara,leo,0,michael_correct_left,michael,michael,1,2,,,,,,
87,8/14/2023,Grannys_Gratitude_Stickers_20230814_6_Lookit_SZ,149678,eb89ee9f-df96-4b10-ab19-9587c8197fc7,1826-2191,1890,5.18,male,en ur, benji,harry,leo_correct_left_sara,leo,leo,1,andy_correct_left_emily,andy,egg,1,olivia_correct_right_mason,olivia,olivia,1,zoey_correct_right_taylor,zoey,zoey,1,vicky_correct_left,vicky,vicky,1,4,,,,,,
88,8/17/2023,Grannys_Gratitude_Stickers_20230817_7_Lookit_SZ,150618,0f7365ac-ebb6-4229-ac02-86cd92c2080e,1826-2191,1980,5.42,male,en, benji,harry,taylor_correct_left_zoey,taylor,phone,1,sara_correct_right_leo,sara,glass  vase,1,mason_correct_left_olivia,mason,ice cream,1,emily_correct_right_andy,emily,egg,1,vicky_correct_left,vicky,a lot of fallen leaves,1,4,because the phone will be broken,,,,,
89,8/17/2023,Grannys_Gratitude_Stickers_20230817_8_Lookit_SZ,150647,dddfe061-b844-4687-a550-500b20774213,1826-2191,1920,5.26,female,en ml, benji,harry,leo_correct_right_sara,leo,leo,1,zoey_correct_left_taylor,zoey,taylor,0,olivia_correct_left_mason,olivia,olivia,1,andy_correct_right_emily,andy,emily,0,michael_correct_left,michael,vicky,0,2,,,,,,
90,8/17/2023,Grannys_Gratitude_Stickers_20230817_9_Lookit_SZ,150649,6a0cd323-377a-49ef-8e5b-d13492382f26,1826-2191,2070,5.67,male,en ml so,benji,harry,andy_correct_left_emily,andy,andy,1,zoey_correct_right_taylor,zoey,taylor,0,olivia_correct_right_mason,olivia,olivia,1,leo_correct_left_sara,leo,sara,1,vicky_correct_left,vicky,vicky,1,3,,,,,,
91,7/16/2023,Grannys_Gratitude_Stickers_20230716_1_Lookit_SZ,144125,ff4f1ee8-6eda-4add-9f69-6f405536842c,2191-2556,2290,6.27,male,en,benji,harry,sara_correct_left_leo,sara,sara,1,mason_correct_right_olivia, mason,olivia,0,emily_correct_left_andy,emily,emily,1,taylor_correct_right_zoey,taylor,taylor,1,michael_correct_left,michael,michael,1,3,,,,,,
92,7/16/2023,Grannys_Gratitude_Stickers_20230716_2_Lookit_SZ,144138,1e07a959-ccfb-4e08-9427-f318adc49adf,2191-2556,2370,6.49,female,en cmn,benji,harry,mason_correct_right_olivia,mason,olivia,0,sara_correct_left_leo,sara,sara,1,emily_correct_left_andy,emily,emily,1,taylor_correct_right_zoey,taylor,taylor,1,michael_correct_left,michael,vicky,0,3,,,,,,
93,7/16/2023,Grannys_Gratitude_Stickers_20230716_8_Lookit_SZ,144200,bae412f9-ae0f-4bb9-9d20-9689cdcd2ea1,2191-2556,2370,6.49,male,en,benji,harry,leo_correct_right_sara,leo,leo,1,andy_correct_right_emily,andy,andy,1,olivia_correct_left_mason,olivia,olivia,1,zoey_correct_left_taylor,zoey,zoey,1,vicky_correct_left,vicky,vicky,1,4,,,,,,
94,7/16/2023,Grannys_Gratitude_Stickers_20230716_13_Lookit_SZ,144218,ca18f0e9-b69f-4ddf-8582-fbee421faff3,2191-2556,2460,6.74,female,en,benji,harry by the lamp,taylor_correct_left_zoey,taylor,taylor who caught the phone,1,emily_correct_right_andy,emily,emily who caught the egg,1,mason_correct_left_olivia,mason,mason who caught the ice cream,1,sara_correct_right_leo,sara,sara who got the glass vase,1,vicky_correct_left,vicky,vicky who swept a lot of leaves,1,4,,,,,,
95,7/16/2023,Grannys_Gratitude_Stickers_20230716_14_Lookit_SZ,144221,c41598ff-ca24-4496-9555-69b72dd4e781,2191-2556,2430,6.66,male,en hi,benji,harry,zoey_correct_left_taylor,zoey,zoey,1,andy_correct_right_emily,andy,andy,1,leo_correct_right_sara,leo,leo,1,olivia_correct_left_mason,olivia,olivia,1,vicky_correct_left,vicky,vicky,1,4,,,,,,
96,7/16/2023,Grannys_Gratitude_Stickers_20230716_15_Lookit_SZ,144223,c7e67a20-8082-4df1-ada0-262eda896e47,2191-2556,2400,6.58,male,en,benji,harry,andy_correct_left_emily,andy,andy,1,leo_correct_left_sara,leo,leo,1,zoey_correct_right_taylor,zoey,zoey,1,olivia_correct_right_mason,olivia,olivia,1,vicky_correct_left,vicky,vicky,1,4,,,,,,
97,7/16/2023,Grannys_Gratitude_Stickers_20230716_16_Lookit_SZ,144229,688d39b6-889a-45b5-9b4f-cd92a7f7a2d3,2191-2556,2400,6.58,female,en cmn,benji,harry,taylor_correct_left_zoey,taylor,taylor,1,sara_correct_right_leo,sara,sara,1,mason_correct_left_olivia,mason,mason,1,emily_correct_right_andy,emily,emily,1,michael_correct_left,michael,vicky,0,4,,,,,,
98,7/16/2023,Grannys_Gratitude_Stickers_20230716_17_Lookit_SZ,144235,777168eb-b0fa-4f6e-8eae-3e63092dfafc,2191-2556,2310,6.33,male,en km so,benji,harry,andy_correct_left_emily,andy,andy,1,zoey_correct_right_taylor,zoey,zoey,1,leo_correct_left_sara,leo,leo,1,olivia_correct_right_mason,olivia,olivia,1,vicky_correct_left,vicky,vicky,1,4,,,,,,
99,7/17/2023,Grannys_Gratitude_Stickers_20230717_4_Lookit_SZ,144293,2fa2be27-b9cd-4891-a9ca-d3122e429ba9,2191-2556,2400,6.58,male,en wuu,benji,harry,andy_correct_left_emily,andy,emily,0,leo_correct_left_sara,leo,leo that caught the vase,1,zoey_correct_right_taylor,zoey,taylor who caught the duck,0,olivia_correct_right_mason,olivia,olivia who caught the ice cream,1,michael_correct_left,michael,vicky,0,2,,,,,,
100,7/18/2023,Grannys_Gratitude_Stickers_20230718_1_Lookit_SZ,144511,2d670bda-e244-49b9-b5c9-ec1bc604bd48,2191-2556,2250,6.16,female,en,benji,harry,olivia_correct_left_mason,olivia,olivia who caught the ice cream,1,zoey_correct_left_taylor,zoey,zoey,1,leo_correct_right_sara,leo,leo,1,andy_correct_right_emily,andy,andy,1,michael_correct_left,michael,vicky,0,4,"kid said: ""The phone is more important.""",,,,,
101,7/18/2023,Grannys_Gratitude_Stickers_20230718_6_Lookit_SZ,144586,022f8b84-d1cd-43d0-8275-13f5371fd0f6,2191-2556,2250,6.16,male,en,benji,harry,taylor_correct_left_zoey,taylor,taylor,1,emily_correct_right_andy,emily,andy,0,sara_correct_right_leo,sara,sara,1,mason_correct_left_olivia,mason,mason,1,vicky_correct_left,vicky,vicky,1,3,,,,,,
102,7/18/2023,Grannys_Gratitude_Stickers_20230718_9_Lookit_SZ,144629,68c01c84-843c-415d-921e-d9e74c74e74a,2191-2556,2280,6.25,female,en,benji,harry,emily_correct_right_andy,emily,emily,1,mason_correct_left_olivia,mason,olivia,0,taylor_correct_left_zoey,taylor,taylor,1,sara_correct_right_leo,sara,sara,1,vicky_correct_left,vicky,michael,0,3,,,,,,
103,7/18/2023,Grannys_Gratitude_Stickers_20230718_10_Lookit_SZ,144639,96faac0a-9ea7-4bd2-b0bc-caf71a856ee9,2191-2556,2290,6.27,male,en pes ml,benji,harry,andy_correct_left_emily,andy,andy,1,leo_correct_left_sara,leo,leo,1,olivia_correct_right_mason,olivia,mason,0,zoey_correct_right_taylor,zoey,zoey,1,michael_correct_left,michael,michael,1,3,"Kid said: ""It's hard because you could get sunburn without the sunscreen but you could cool down with the ice cream.""",,,,,
104,7/19/2023,Grannys_Gratitude_Stickers_20230719_3_Lookit_SZ,144788,6ce92b21-cde7-4f3d-ad38-37c0db1e4d21,2191-2556,2400,6.58,male,en,benji,harry,zoey_correct_right_taylor,zoey,zoey,1,leo_correct_left_sara,leo,sara,0,andy_correct_left_emily,andy,emily,0,olivia_correct_right_mason,olivia,olivia,1,vicky_correct_left,vicky,vicky,1,2,,,,,,
105,7/19/2023,Grannys_Gratitude_Stickers_20230719_5_Lookit_SZ,144868,2dc35a20-37f4-4640-bfab-528d2052941a,2191-2556,2340,6.41,male,en,benji,harry,taylor_correct_right_zoey,taylor,taylor,1,sara_correct_left_leo,sara,sara,1,mason_correct_left_olivia,mason,mason,1,emily_correct_left_andy,emily,emily,1,vicky_correct_left,vicky,vicky,1,4,,,,,,
106,7/20/2023,Grannys_Gratitude_Stickers_20230720_6_Lookit_SZ,145143,dbc7436a-c2d7-43b8-a6c8-a2336ce38f9e,2191-2556,2550,6.99,female,en,benji,harry,emily_correct_right_andy,emily,emily,1,sara_correct_right_leo,sara,sara,1,mason_correct_left_olivia,mason,mason,1,taylor_correct_left_zoey,taylor,taylor,1,michael_correct_left,michael,michael,1,4,,,,,,
107,7/22/2023,Grannys_Gratitude_Stickers_20230722_3_Lookit_SZ,145390,0f938a2a-b1eb-4ee3-b358-5123f3ef331e,2191-2556,2280,6.25,female,en,benji,harry,zoey_correct_right_taylor,zoey,the phone,1,andy_correct_left_emily,andy,andy,1,olivia_correct_right_mason,olivia,ice cream,1,leo_correct_left_sara,leo,leo,1,michael_correct_left,michael,michael,1,4,,,,,,
108,7/22/2023,Grannys_Gratitude_Stickers_20230722_7_Lookit_SZ,145412,515e6663-4e7b-427c-8ba7-6f6d5f0c0d1e,2191-2556,2520,6.90,female,en,benji,harry,mason_correct_left_olivia,mason,olivia,0,taylor_correct_left_zoey,taylor,taylor,1,emily_correct_right_andy,emily,emily,1,sara_correct_right_leo,sara,sara,1,michael_correct_left,michael,michael,1,3,,,,,,
109,7/23/2023,Grannys_Gratitude_Stickers_20230723_3_Lookit_SZ,145468,a6c1dd7a-924e-448c-996b-77a7dc099f32,2191-2556,2550,6.99,female,en,benji,harry,andy_correct_left_emily,andy,andy,1,leo_correct_left_sara,leo,leo,1,olivia_correct_right_mason,olivia,olivia,1,zoey_correct_right_taylor,zoey,zoey,1,michael_correct_left,michael,michael,1,4,,,,,,
110,7/23/2023,Grannys_Gratitude_Stickers_20230723_5_Lookit_SZ,145486,f19e3bb0-7b0f-4d57-b653-c35db7fd8c0f,2191-2556,2460,6.74,female,unknown,benji,harry,emily_correct_left_andy,emily,emily,1,mason_correct_right_olivia,mason,mason,1,taylor_correct_right_zoey,taylor,taylor,1,sara_correct_left_leo,sara,sara,1,vicky_correct_left,vicky,vicky,1,4,,,,,,
111,8/13/2023,Grannys_Gratitude_Stickers_20230813_3_Lookit_SZ,149393,bcdd79be-d39c-4076-9bf0-4b8500f58948,2191-2556,2430,6.66,female,en ml su yo,benji,harry,emily_correct_right_andy,emily,emily,1,mason_correct_left_olivia,mason,mason,1,sara_correct_right_leo,sara,sara,1,taylor_correct_left_zoey,taylor,taylor,1,vicky_correct_left,vicky,vicky,1,4,,,,,,
112,8/14/2023,Grannys_Gratitude_Stickers_20230814_8_Lookit_SZ,149706,8a4978bd-8e9f-421c-b183-d30689c4084b,2191-2556,2370,6.49,female,en it,benji,harry,taylor_correct_right_zoey,taylor,taylor,1,sara_correct_left_leo,sara,sara,1,emily_correct_left_andy,emily,emily,1,mason_correct_right_olivia,mason,mason,1,vicky_correct_left,vicky,vicky,1,4,,,,,,
113,8/15/2023,Grannys_Gratitude_Stickers_20230815_1_Lookit_SZ,149815,89aaa090-8952-420f-9b27-085a3d29fdc1,2191-2556,2430,6.66,male,en he,benji,harry,leo_correct_right_sara,leo,leo,1,olivia_correct_left_mason,olivia,olivia,1,zoey_correct_left_taylor,zoey,zoey,1,andy_correct_right_emily,andy,andy,1,vicky_correct_left,vicky,vicky,1,4,,,,,,
114,8/15/2023,Grannys_Gratitude_Stickers_20230815_3_Lookit_SZ,149887,a61056ec-c7f5-4147-82db-fbdc6213a20c,2191-2556,2280,6.25,female,en,benji,harry,mason_correct_left_olivia,mason,mason,1,sara_correct_right_leo,sara,sara,1,emily_correct_right_andy,emily,emily,1,taylor_correct_left_zoey,taylor,taylor,1,vicky_correct_left,vicky,vicky,1,4,,,,,,
115,8/15/2023,Grannys_Gratitude_Stickers_20230815_4_Lookit_SZ,149952,d05509f3-2ad9-429b-a96d-bda4eb9eda87,2191-2556,2250,6.16,female,en,benji,harry,leo_correct_left_sara,leo,leo,1,olivia_correct_right_mason,olivia,olivia,1,andy_correct_left_emily,andy,andy,1,zoey_correct_right_taylor,zoey,zoey,1,michael_correct_left,michael,michael,1,4,,,,,,
116,8/15/2023,Grannys_Gratitude_Stickers_20230815_7_Lookit_SZ,150010,12b6ea8c-f6de-4c54-838e-91fde66568ae,2191-2556,2370,6.49,male,en,benji,harry,mason_correct_left_olivia,mason,mason,1,taylor_correct_left_zoey,taylor,taylor,1,emily_correct_right_andy,emily,emily,1,sara_correct_right_leo,sara,leo,0,michael_correct_left,michael,michael,1,3,,,,,,
117,8/15/2023,Grannys_Gratitude_Stickers_20230815_9_Lookit_SZ,150026,7e072a0d-82a3-4afe-b471-f25273d4217b,2191-2556,2430,6.66,female,en,benji,harry,andy_correct_left_emily,andy,emily,0,leo_correct_left_sara,leo,leo,1,olivia_correct_right_mason,olivia,olivia,1,zoey_correct_right_taylor,zoey,zoey,1,michael_correct_left,michael,michael,1,3,,,,,,
118,8/17/2023,Grannys_Gratitude_Stickers_20230817_1_Lookit_SZ,150529,6ca56faa-f3ae-4cba-bb7d-670c9a677dd3,2191-2556,2370,6.49,female,unknown,benji,harry,leo_correct_right_sara,leo,sara,0,andy_correct_right_emily,andy,andy,1,zoey_correct_left_taylor,zoey,taylor,0,olivia_correct_left_mason,olivia,olivia,1,vicky_correct_left,vicky,vicky,1,2,,,,,,
119,8/17/2023,Grannys_Gratitude_Stickers_20230817_11_Lookit_SZ,150660,9a81fb1d-390e-4dc1-92e0-896cdf91e279,2191-2556,2220,6.08,female,en so,benji,harry,sara_correct_left_leo,sara,sara,1,emily_correct_left_andy,emily,emily,1,taylor_correct_right_zoey,taylor,taylor,1,mason_correct_right_olivia,mason,olivia,0,michael_correct_left,michael,michael,1,3,Because it was glass.,,,,,
120,8/18/2023,Grannys_Gratitude_Stickers_20230818_2_Lookit_SZ,150714,de38ea48-dbc4-4c5c-8fed-d203efe7f15e,2191-2556,2280,6.25,female,en,benji,harry,andy_correct_right_emily,andy,andy,1,leo_correct_right_sara,leo,leo,1,olivia_correct_left_mason,olivia,sunscreen,0,zoey_correct_left_taylor,zoey,zoey,1,michael_correct_left,michael,michael,1,3,,,,,,
,,,,,,,,,,,,,,,,,,,,,,,,,,,,,,,,,,,,,,
,,,,,,,,,,,,,,,,,,,,,,,,,,,,,,,,,,,,,,
,,,,,,,,,,,,,,,,,,,,,,,,,,,,,,,,,,,,,,
,,,,,,,,,,,,,,,,,,,,,,,,,,,,,,,,,,,,,,
back up + failed data,,,,,,,,,,,,,,,,,,,,,,,,,,,,,,,,,,,,,,
,6/30/2023,Grannys_Gratitude_Stickers_20230630_3_Lookit_SZ,142132,f25fe127-93a8-4e26-9b71-ca0277109f96,1095-1460,1140,3.12,female,en,,harry,leo_correct_right_sara,leo,leo,1,andy_correct_right_emily,andy,andy,1,zoey_correct_left_taylor,zoey,zoey,1,olivia_correct_left_mason,olivia,ice cream,1,vicky_correct_left,vicky,michael,0,4,,,,,,
,7/1/2023,Grannys_Gratitude_Stickers_20230701_2_Lookit_SZ,142323,1ed9cebd-bc31-4c27-829e-8e5a803d5e82,1095-1460,1170,3.21,male,en,,,taylor_correct_left_zoey,taylor,zoey,0,emily_correct_right_andy,emily,emily,1,mason_correct_left_olivia,mason,mason,1,sara_correct_right_leo,sara,leo,0,vicky_correct_left,vicky,vicky,1,2,,,,,,
,7/4/2023,Grannys_Gratitude_Stickers_20230704_2_Lookit_SZ,142596,b9605a77-93ed-4faf-8c59-b5ce267aaff0,1095-1460,1260,3.45,female,en,,,emily_correct_right_andy,emily,emily,1,sara_correct_right_leo,sara,leo,0,taylor_correct_left_zoey,taylor,zoey,0,mason_correct_left_olivia,mason,olivia,0,michael_correct_left,michael,michael,1,1,,,,,,
,6/17/2023,Grannys_Gratitude_Stickers_20230617_2_Lookit_SZ,139821,2763eff8-5f36-421d-82f0-5866e7ea7b46,1095-1460,1140,3.12,male,en ,harry,benji,sara_correct_right_leo,sara,sara,1,mason_correct_left_olivia,mason,olivia,0,emily_correct_right_andy,emily,andy,0,taylor_correct_left_zoey,taylor,zoey,0,vicky_correct_left,vicky,vicky,1,1,,,,,,
,6/20/2023,Grannys_Gratitude_Stickers_20230620_2_Lookit_SZ,140178,fef92c06-070a-4695-ad25-b96d7e640521,1095-1460,1260,3.45,male,en ,,harry,mason_correct_right_olivia,mason,ice cream,1,emily_correct_left_andy,emily,basketball,0,taylor_correct_right_zoey,taylor,the rubber ducky,0,sara_correct_left_leo,sara,the toy bear,0,michael_correct_left,michael,the big pile,1,1,"Kid said: ""Because I like basketball.""",,,,,
,6/20/2023,Grannys_Gratitude_Stickers_20230620_7_Lookit_SZ,140333,1694f579-1582-471e-bc37-b06ee0ad6014,1095-1460,1350,3.70,male,en ,harry,harry,olivia_correct_right_mason,olivia,olivia,1,andy_correct_left_emily,andy,egg,1,leo_correct_left_sara,leo,sara,0,zoey_correct_right_taylor,zoey,zoey,1,michael_correct_left,michael,michael,1,3,,,,,,
,6/25/2023,Grannys_Gratitude_Stickers_20230625_1_Lookit_SZ,141170,a6ca2a7e-8122-454f-aa55-5fcb346f3f76,1095-1460,1380,3.78,female,en,harry,benji,emily_correct_left_andy,emily,andy,0,taylor_correct_right_zoey,taylor,both,0,mason_correct_right_olivia,mason,both,0,sara_correct_left_leo,sara,both,0,vicky_correct_left,vicky,both,0,0,,,,,,
,6/26/2023,Grannys_Gratitude_Stickers_20230626_3_Lookit_SZ,141427,536bec8e-7e77-4e23-ae55-a9995101c697,1095-1460,1440,3.95,male,en,harry,harry,olivia_correct_right_mason,olivia,olivia,1,zoey_correct_right_taylor,zoey,zoey,1,leo_correct_left_sara,leo,sara,0,andy_correct_left_emily,andy,andy,1,michael_correct_left,michael,michael,1,3,,,,,,
,6/27/2023,Grannys_Gratitude_Stickers_20230627_4_Lookit_SZ,141609,5dd890b8-cf76-4237-b4e8-c1b841de4b2d,1095-1460,1410,3.86,male,en,benji,benji,taylor_correct_left_zoey,taylor,taylor,1,emily_correct_right_andy,emily,egg,1,mason_correct_left_olivia,mason,mason,1,sara_correct_right_leo,sara,sara,1,vicky_correct_left,vicky,vicky,1,4,,,,,,
,6/28/2023,Grannys_Gratitude_Stickers_20230628_3_Lookit_SZ,141744,48d1da82-e0a3-4c99-8f5c-ea9a24571931,1095-1460,1230,3.37,male,en,,harry,taylor_correct_left_zoey,taylor,phone,1,sara_correct_right_leo,sara,sara,1,emily_correct_right_andy,emily,andy,0,mason_correct_left_olivia,mason,mason,1,michael_correct_left,michael,vicky,0,3,The participant seemed to have problem hearing the audio at the beginning so the by plant question was skipped.,,,,,
,6/28/2023,Grannys_Gratitude_Stickers_20230628_4_Lookit_SZ,141792,18a5dc3d-97de-4432-b27c-f9f0b5347d3d,1095-1460,1230,3.37,female,en,harry,harry,zoey_correct_left_taylor,zoey,taylor,0,leo_correct_right_sara,leo,sara,0,andy_correct_right_emily,andy,emily,0,olivia_correct_left_mason,olivia,olivia,1,michael_correct_left,michael,vicky,0,1,,,,,,
,6/28/2023,Grannys_Gratitude_Stickers_20230628_6_Lookit_SZ,141865,8a86a56b-6437-41c3-ad1b-7126640bf0a2,1095-1460,1320,3.62,male,wuu,harry,harry,olivia_correct_right_mason,olivia,olivia,1,andy_correct_left_emily,andy,andy,1,leo_correct_left_sara,leo,sara,0,zoey_correct_right_taylor,zoey,taylor,0,michael_correct_left,michael,michael,1,2,,,,,,
,7/23/2023,Grannys_Gratitude_Stickers_20230723_6_Lookit_SZ,145491,7e248a27-5b5f-4592-b114-7eb864dd2bc4,1095-1460,1200,3.29,female,en,benji,harry,taylor_correct_right_zoey,taylor,zoey,0,sara_correct_left_leo,sara,leo,0,mason_correct_right_olivia,mason,mason,1,emily_correct_left_andy,emily,andy,0,vicky_correct_left,vicky,vicky,1,1,,,,,,
,,,,,1095-1460,,,,,,,,,,,,,,,,,,,,,,,,,,,,,,,,,
,,,,,1095-1460,,,,,,,,,,,,,,,,,,,,,,,,,,,,,,,,,
,,,,,1095-1460,,,,,,,,,,,,,,,,,,,,,,,,,,,,,,,,,
,,,,,1095-1460,,,,,,,,,,,,,,,,,,,,,,,,,,,,,,,,,
,,,,,1095-1460,,,,,,,,,,,,,,,,,,,,,,,,,,,,,,,,,
,,,,,1095-1460,,,,,,,,,,,,,,,,,,,,,,,,,,,,,,,,,
,,,,,1095-1460,,,,,,,,,,,,,,,,,,,,,,,,,,,,,,,,,
,,,,,1095-1460,,,,,,,,,,,,,,,,,,,,,,,,,,,,,,,,,
,,,,,1095-1460,,,,,,,,,,,,,,,,,,,,,,,,,,,,,,,,,
,,,,,1095-1460,,,,,,,,,,,,,,,,,,,,,,,,,,,,,,,,,
,,,,,1095-1460,,,,,,,,,,,,,,,,,,,,,,,,,,,,,,,,,
,,,,,1095-1460,,,,,,,,,,,,,,,,,,,,,,,,,,,,,,,,,
,,,,,1095-1460,,,,,,,,,,,,,,,,,,,,,,,,,,,,,,,,,
,,,,,1095-1460,,,,,,,,,,,,,,,,,,,,,,,,,,,,,,,,,
,,,,,1095-1460,,,,,,,,,,,,,,,,,,,,,,,,,,,,,,,,,
,,,,,1095-1460,,,,,,,,,,,,,,,,,,,,,,,,,,,,,,,,,
,,,,,1095-1460,,,,,,,,,,,,,,,,,,,,,,,,,,,,,,,,,
,,,,,1095-1460,,,,,,,,,,,,,,,,,,,,,,,,,,,,,,,,,
,,,,,1095-1460,,,,,,,,,,,,,,,,,,,,,,,,,,,,,,,,,
,,,,,1095-1460,,,,,,,,,,,,,,,,,,,,,,,,,,,,,,,,,
,,,,,1095-1460,,,,,,,,,,,,,,,,,,,,,,,,,,,,,,,,,
,,,,,1095-1460,,,,,,,,,,,,,,,,,,,,,,,,,,,,,,,,,
,,,,,1095-1460,,,,,,,,,,,,,,,,,,,,,,,,,,,,,,,,,
,,,,,1095-1460,,,,,,,,,,,,,,,,,,,,,,,,,,,,,,,,,
,,,,,1095-1460,,,,,,,,,,,,,,,,,,,,,,,,,,,,,,,,,
,,,,,1095-1460,,,,,,,,,,,,,,,,,,,,,,,,,,,,,,,,,
,,,,,1095-1460,,,,,,,,,,,,,,,,,,,,,,,,,,,,,,,,,
,,,,,1095-1460,,,,,,,,,,,,,,,,,,,,,,,,,,,,,,,,,
,,,,,1095-1460,,,,,,,,,,,,,,,,,,,,,,,,,,,,,,,,,
,,,,,1095-1460,,,,,,,,,,,,,,,,,,,,,,,,,,,,,,,,,
,,,,,1095-1460,,,,,,,,,,,,,,,,,,,,,,,,,,,,,,,,,
,,,,,1095-1460,,,,,,,,,,,,,,,,,,,,,,,,,,,,,,,,,
,,,,,1095-1460,,,,,,,,,,,,,,,,,,,,,,,,,,,,,,,,,
,,,,,1095-1460,,,,,,,,,,,,,,,,,,,,,,,,,,,,,,,,,
,,,,,1095-1460,,,,,,,,,,,,,,,,,,,,,,,,,,,,,,,,,
,,,,,1095-1460,,,,,,,,,,,,,,,,,,,,,,,,,,,,,,,,,
,,,,,1095-1460,,,,,,,,,,,,,,,,,,,,,,,,,,,,,,,,,
,,,,,1095-1460,,,,,,,,,,,,,,,,,,,,,,,,,,,,,,,,,
,,,,,1095-1460,,,,,,,,,,,,,,,,,,,,,,,,,,,,,,,,,
,,,,,1095-1460,,,,,,,,,,,,,,,,,,,,,,,,,,,,,,,,,
,,,,,1095-1460,,,,,,,,,,,,,,,,,,,,,,,,,,,,,,,,,
,,,,,1095-1460,,,,,,,,,,,,,,,,,,,,,,,,,,,,,,,,,
,,,,,1095-1460,,,,,,,,,,,,,,,,,,,,,,,,,,,,,,,,,
,,,,,1095-1460,,,,,,,,,,,,,,,,,,,,,,,,,,,,,,,,,
,,,,,1095-1460,,,,,,,,,,,,,,,,,,,,,,,,,,,,,,,,,
,,,,,1095-1460,,,,,,,,,,,,,,,,,,,,,,,,,,,,,,,,,
,,,,,1095-1460,,,,,,,,,,,,,,,,,,,,,,,,,,,,,,,,,
,,,,,1095-1460,,,,,,,,,,,,,,,,,,,,,,,,,,,,,,,,,
,,,,,1095-1460,,,,,,,,,,,,,,,,,,,,,,,,,,,,,,,,,
,,,,,1095-1460,,,,,,,,,,,,,,,,,,,,,,,,,,,,,,,,,
,,,,,1095-1460,,,,,,,,,,,,,,,,,,,,,,,,,,,,,,,,,
,,,,,,,,,,,,,,,,,,,,,,,,,,,,,,,,,,,,,,
,,,,,,,,,,,,,,,,,,,,,,,,,,,,,,,,,,,,,,
,,,,,,,,,,,,,,,,,,,,,,,,,,,,,,,,,,,,,,
,6/20/2023,Grannys_Gratitude_Stickers_20230620_3_Lookit_SZ,140217,5b22628b-5c3a-46a8-9dc4-7e2f35550cf7,1461-1826,1470,4.03,female,en ,benji,benji,zoey_correct_left_taylor,zoey,zoey,1,andy_correct_right_emily,andy,andy,1,olivia_correct_left_mason,olivia,olivia,1,leo_correct_right_sara,leo,sara,0,michael_correct_left,michael,michael,1,3,,,,,,
,7/17/2023,Grannys_Gratitude_Stickers_20230717_6_Lookit_SZ,144318,201bbbd2-9494-44a1-8d1c-1cc06cc65e9f,1461-1826,1650,4.52,female,en,benji,benji,leo_correct_right_sara,leo,sara,0,zoey_correct_left_taylor,zoey,zoey,1,andy_correct_right_emily,andy,andy,1,olivia_correct_left_mason,olivia,olivia,1,vicky_correct_left,vicky,vicky,1,3,,,,,,
,7/20/2023,Grannys_Gratitude_Stickers_20230720_5_Lookit_SZ,145113,839637b7-90b5-4256-9a07-d26c171982e8,1461-1826,1470,4.03,female,en ml,benji,benji,mason_correct_left_olivia,mason,mason,1,sara_correct_right_leo,sara,leo,0,taylor_correct_left_zoey,taylor,taylor,1,emily_correct_right_andy,emily,andy,0,michael_correct_left,michael,michael,1,2,,,,,,
,,,,,1461-1826,,,,,,,,,,,,,,,,,,,,,,,,,,,,,,,,,
,,,,,1461-1826,,,,,,,,,,,,,,,,,,,,,,,,,,,,,,,,,
,,,,,1461-1826,,,,,,,,,,,,,,,,,,,,,,,,,,,,,,,,,
,,,,,1461-1826,,,,,,,,,,,,,,,,,,,,,,,,,,,,,,,,,
,,,,,,,,,,,,,,,,,,,,,,,,,,,,,,,,,,,,,,
,,,,,,,,,,,,,,,,,,,,,,,,,,,,,,,,,,,,,,
,,,,,1826-2191,,,,,,,,,,,,,,,,,,,,,,,,,,,,,,,,,
,,,,,1826-2191,,,,,,,,,,,,,,,,,,,,,,,,,,,,,,,,,
,,,,,1826-2191,,,,,,,,,,,,,,,,,,,,,,,,,,,,,,,,,
,,,,,,,,,,,,,,,,,,,,,,,,,,,,,,,,,,,,,,
,,,,,,,,,,,,,,,,,,,,,,,,,,,,,,,,,,,,,,
,,,,,2191-2556,,,,,,,,,,,,,,,,,,,,,,,,,,,,,,,,,
,,,,,2191-2556,,,,,,,,,,,,,,,,,,,,,,,,,,,,,,,,,
,,,,,2191-2556,,,,,,,,,,,,,,,,,,,,,,,,,,,,,,,,,
,,,,,2191-2556,,,,,,,,,,,,,,,,,,,,,,,,,,,,,,,,,